{"camera_matrix": [[1412.7825024573817, 0.0, 654.9895539735303], [0.0, 1402.9377327287602, 363.8152227172246], [0.0, 0.0, 1.0]], "dist_coeffs": [[0.3006995478771474, -2.8905465007987297, 0.001512324001963821, -0.004042233122236024, 11.311622818940032]], "reprojection_error": 0.06234407430193478}